NumClients,DataSize,RingDimension,ClientID,T_KeyGen_MKCKKS_ms,T_KeyGen_ECDH_ms,T_KeyGen_Total_ms,T_Encrypt_ms,T_PartialDec_ms,T_MaskGen_ms,T_ClientTotal_ms
10,65536,131072,0,71.6034,1.76911,73.3725,116.923,34.8163,121.867,273.606
10,65536,131072,1,66.4706,0.68885,67.1595,123.952,35.5966,124.174,283.722
10,65536,131072,2,66.9979,0.727987,67.7259,121.712,35.2576,124.594,281.564
10,65536,131072,3,65.561,0.669579,66.2306,127.751,35.9177,123.847,287.515
10,65536,131072,4,66.2003,0.711455,66.9118,119.547,41.3998,120.493,281.44
10,65536,131072,5,66.2408,0.687993,66.9288,125.234,34.4927,120.092,279.819
10,65536,131072,6,65.663,0.672615,66.3356,117.124,33.8556,116.177,267.156
10,65536,131072,7,66.5317,0.745561,67.2773,125.749,34.1998,119.858,279.807
10,65536,131072,8,67.2182,0.682956,67.9012,117.908,34.1228,120.984,273.016
10,65536,131072,9,66.3619,0.685324,67.0472,122.399,34.4452,119.857,276.701
50,65536,131072,0,63.558,0.742464,64.3005,119.961,34.3392,658.562,812.862
50,65536,131072,1,63.0659,0.725228,63.7912,117.396,35.089,657.007,809.492
50,65536,131072,2,63.2573,0.716584,63.9739,119.985,34.0258,682.817,836.827
50,65536,131072,3,63.2825,0.710558,63.9931,120.453,35.4393,650.297,806.189
50,65536,131072,4,62.4101,0.727554,63.1377,116.709,33.942,672.028,822.679
50,65536,131072,5,61.2055,0.701002,61.9065,117.228,34.1128,646.442,797.782
50,65536,131072,6,61.4644,0.710769,62.1752,122.246,35.6643,661.173,819.083
50,65536,131072,7,61.5861,0.701663,62.2878,119.554,35.0841,669.405,824.043
50,65536,131072,8,64.6016,0.687004,65.2886,123.693,39.1409,669.009,831.843
50,65536,131072,9,62.7759,0.720495,63.4964,118.851,35.4765,632.759,787.086
50,65536,131072,10,61.7263,0.699408,62.4257,122.206,34.788,633.37,790.364
50,65536,131072,11,62.2242,0.72225,62.9465,117.726,34.5634,670.286,822.575
50,65536,131072,12,62.2031,0.728051,62.9312,117.462,34.7967,663.526,815.785
50,65536,131072,13,62.6859,0.761114,63.447,121.045,36.3281,661.572,818.945
50,65536,131072,14,62.2039,0.705969,62.9099,119.795,35.5822,638.981,794.359
50,65536,131072,15,62.0267,0.693486,62.7202,119.882,35.7213,635.307,790.91
50,65536,131072,16,62.0434,0.712235,62.7556,117.225,34.9445,641.23,793.399
50,65536,131072,17,62.3974,0.725721,63.1231,117.182,34.7902,640.732,792.704
50,65536,131072,18,66.3627,0.703051,67.0657,118.674,34.7934,646.266,799.733
50,65536,131072,19,69.6237,0.68721,70.3109,121.174,35.9754,653.075,810.224
50,65536,131072,20,69.8149,0.676081,70.491,118.962,34.5124,670.634,824.109
50,65536,131072,21,69.9774,0.676672,70.6541,119.574,35.7633,655.1,810.438
50,65536,131072,22,69.8501,0.744079,70.5941,118.129,35.9076,661.032,815.069
50,65536,131072,23,69.3026,0.683871,69.9865,118.286,34.5428,650.16,802.989
50,65536,131072,24,72.3789,0.687481,73.0664,119.199,34.5336,628.44,782.173
50,65536,131072,25,68.5423,0.683089,69.2254,119.451,35.5622,625.404,780.417
50,65536,131072,26,69.2171,0.686288,69.9034,118.515,34.5945,630.386,783.496
50,65536,131072,27,69.2503,0.699399,69.9497,118.63,34.9156,633.826,787.372
50,65536,131072,28,69.0311,0.696,69.7271,119.055,35.2308,637.852,792.138
50,65536,131072,29,68.9067,0.699109,69.6058,120.446,35.4039,630.841,786.691
50,65536,131072,30,68.7142,0.687138,69.4014,120.4,34.6255,633.117,788.142
50,65536,131072,31,68.6739,0.686245,69.3601,118.787,34.6406,637.29,790.718
50,65536,131072,32,71.5904,0.706839,72.2972,120.321,36.369,638.13,794.82
50,65536,131072,33,71.5765,0.712684,72.2892,118.755,35.2416,639.082,793.078
50,65536,131072,34,71.8267,0.706868,72.5335,121.309,36.1701,634.537,792.017
50,65536,131072,35,72.2674,0.698527,72.966,122.855,35.924,649.643,808.422
50,65536,131072,36,71.0643,0.702858,71.7671,125.202,37.6146,649.172,811.989
50,65536,131072,37,70.6675,0.717997,71.3855,123.916,37.7716,636.562,798.249
50,65536,131072,38,71.6755,0.720072,72.3956,120.115,34.5152,634.427,789.057
50,65536,131072,39,73.9923,0.705525,74.6978,122.787,37.0191,616.638,776.444
50,65536,131072,40,68.2911,0.70356,68.9947,124.204,35.9211,635.338,795.463
50,65536,131072,41,68.6059,0.678649,69.2846,122.05,36.3446,640.897,799.292
50,65536,131072,42,69.2366,0.674719,69.9113,122.491,36.4823,630.612,789.586
50,65536,131072,43,69.3468,0.687621,70.0344,119.699,34.9132,617.146,771.758
50,65536,131072,44,69.5184,0.680674,70.199,120.844,34.7804,619.328,774.952
50,65536,131072,45,69.5102,0.686358,70.1965,118.942,37.4402,625.579,781.961
50,65536,131072,46,69.3553,0.717165,70.0725,120.688,35.3855,629.532,785.606
50,65536,131072,47,69.616,0.702047,70.3181,118.038,34.3749,617.983,770.395
50,65536,131072,48,69.0272,0.710538,69.7378,117.635,35.3272,618.832,771.794
50,65536,131072,49,69.3681,0.677416,70.0455,122.25,35.1186,644.716,802.084
100,65536,131072,0,63.0612,0.74917,63.8103,119.75,37.4524,1335.12,1492.33
100,65536,131072,1,62.517,0.706427,63.2234,119.325,34.6543,1334.68,1488.66
100,65536,131072,2,74.7927,0.716271,75.509,125.904,36.0607,1305.8,1467.76
100,65536,131072,3,62.1071,0.722689,62.8298,116.508,34.0801,1318.36,1468.95
100,65536,131072,4,62.5348,0.720706,63.2555,119.058,35.5212,1310.23,1464.81
100,65536,131072,5,62.625,0.721779,63.3468,127.856,35.4652,1333.89,1497.21
100,65536,131072,6,74.5046,0.735937,75.2406,121.705,34.8578,1358.86,1515.42
100,65536,131072,7,63.3295,0.748906,64.0784,122.259,35.7874,1338.04,1496.08
100,65536,131072,8,63.7059,0.733554,64.4394,122.779,36.4713,1309.33,1468.58
100,65536,131072,9,63.0758,0.724732,63.8005,119.549,34.0949,1289.42,1443.07
100,65536,131072,10,64.9281,0.739643,65.6677,118.847,35.0602,1302.72,1456.63
100,65536,131072,11,65.684,0.7661,66.4501,119.148,35.2533,1303.78,1458.18
100,65536,131072,12,65.3683,0.725453,66.0938,117.404,35.2194,1303.86,1456.48
100,65536,131072,13,64.5279,0.725172,65.2531,117.942,34.2951,1321.76,1474
100,65536,131072,14,63.6813,0.757557,64.4389,127.825,38.0077,1334.87,1500.7
100,65536,131072,15,62.7486,0.7233,63.4719,120.166,35.6521,1323.88,1479.69
100,65536,131072,16,63.1723,0.724141,63.8964,118.863,35.5892,1305.11,1459.57
100,65536,131072,17,62.2735,0.722426,62.9959,118.768,34.9254,1307.66,1461.35
100,65536,131072,18,63.1059,0.702318,63.8082,120.563,35.8416,1311.31,1467.71
100,65536,131072,19,62.3778,0.712222,63.09,119.448,36.0568,1308.06,1463.57
100,65536,131072,20,62.6222,0.703239,63.3255,120.671,37.1432,1325.55,1483.36
100,65536,131072,21,63.7064,0.724128,64.4305,118.542,34.7196,1309.16,1462.42
100,65536,131072,22,62.3222,0.706895,63.0291,118.874,35.6425,1290.81,1445.32
100,65536,131072,23,64.3265,0.889206,65.2157,119.341,35.4271,1284.89,1439.66
100,65536,131072,24,61.927,0.698714,62.6257,117.265,34.7725,1287.49,1439.53
100,65536,131072,25,61.1522,0.714676,61.8669,118.924,35.2973,1296.56,1450.78
100,65536,131072,26,62.1431,0.698904,62.842,119.345,35.6162,1288.45,1443.42
100,65536,131072,27,60.8172,0.690122,61.5074,120.434,36.7623,1285.52,1442.71
100,65536,131072,28,61.4012,0.697752,62.099,120.65,36.223,1269.24,1426.11
100,65536,131072,29,60.9266,0.689541,61.6161,117.627,35.0608,1292.96,1445.65
100,65536,131072,30,60.8143,0.704831,61.5191,119.38,35.8363,1321.91,1477.13
100,65536,131072,31,60.9235,0.700826,61.6244,120.255,35.8578,1295.12,1451.23
100,65536,131072,32,60.4388,0.694327,61.1332,117.749,34.5765,1293.17,1445.5
100,65536,131072,33,60.6211,0.679474,61.3005,119.124,35.501,1335.66,1490.28
100,65536,131072,34,61.6192,0.694675,62.3139,123.669,34.9918,1294.56,1453.23
100,65536,131072,35,60.7942,0.681927,61.4761,118.481,35.2317,1294.81,1448.52
100,65536,131072,36,60.6862,0.711217,61.3974,118.463,35.0698,1278.11,1431.65
100,65536,131072,37,61.1658,0.724116,61.89,119.417,34.7538,1291.72,1445.89
100,65536,131072,38,61.3445,0.684524,62.029,123.279,36.3447,1271.77,1431.4
100,65536,131072,39,61.2665,0.682858,61.9494,123.103,35.4093,1292.31,1450.82
100,65536,131072,40,65.3295,0.705344,66.0349,121.503,36.3268,1291.22,1449.04
100,65536,131072,41,61.8215,0.727328,62.5488,120.324,36.3541,1281.8,1438.48
100,65536,131072,42,62.2978,0.743339,63.0411,121.186,35.5377,1302.04,1458.76
100,65536,131072,43,62.5053,0.716958,63.2223,121.586,35.6498,1277.63,1434.87
100,65536,131072,44,63.0331,0.724236,63.7574,117.67,34.6084,1299.47,1451.75
100,65536,131072,45,62.6539,0.702293,63.3562,119.143,34.6292,1278.86,1432.63
100,65536,131072,46,62.5843,0.716246,63.3005,123.208,35.3406,1274.67,1433.22
100,65536,131072,47,62.6533,0.704933,63.3582,118.241,34.3561,1304.08,1456.67
100,65536,131072,48,62.4671,0.704009,63.1711,120.199,36.3841,1303.98,1460.56
100,65536,131072,49,62.6172,0.70232,63.3195,122.485,36.5383,1286.29,1445.31
100,65536,131072,50,62.8918,0.717398,63.6092,121.001,35.979,1267.06,1424.04
100,65536,131072,51,62.888,0.730277,63.6183,117.83,34.7609,1296.59,1449.18
100,65536,131072,52,62.4381,0.814438,63.2525,118.217,35.8653,1280.45,1434.53
100,65536,131072,53,63.1015,0.953438,64.0549,120.129,35.4328,1286.95,1442.51
100,65536,131072,54,62.1372,0.738649,62.8759,120.139,35.1158,1285.56,1440.82
100,65536,131072,55,62.4066,0.748426,63.155,119.752,35.1109,1288.01,1442.87
100,65536,131072,56,62.2545,0.776383,63.0309,121.536,35.771,1260.95,1418.26
100,65536,131072,57,63,0.729002,63.729,120.803,35.3112,1251.8,1407.91
100,65536,131072,58,60.4451,0.720048,61.1652,122.92,35.0756,1269.01,1427.01
100,65536,131072,59,61.2218,0.713763,61.9355,121.47,35.047,1268.69,1425.21
100,65536,131072,60,61.0859,0.716213,61.8021,119.136,34.5906,1250.04,1403.77
100,65536,131072,61,61.214,0.755071,61.9691,120.19,34.784,1244.14,1399.11
100,65536,131072,62,61.0228,0.727316,61.7501,121.452,35.4401,1268.54,1425.44
100,65536,131072,63,71.5874,0.716304,72.3037,123.932,36.2972,1286.98,1447.2
100,65536,131072,64,73.9384,0.751375,74.6898,117.16,34.4048,1258.3,1409.87
100,65536,131072,65,74.5603,0.730254,75.2906,120.305,35.5452,1282.99,1438.84
100,65536,131072,66,70.6293,0.7318,71.3611,120.846,35.5647,1265.06,1421.47
100,65536,131072,67,70.9434,0.707126,71.6505,123.19,36.377,1287.04,1446.61
100,65536,131072,68,70.7256,0.705691,71.4312,128.613,37.0229,1267.36,1432.99
100,65536,131072,69,71.1119,0.727383,71.8393,118.26,34.7489,1280.14,1433.15
100,65536,131072,70,70.9679,0.717676,71.6856,122.337,35.5237,1267.28,1425.14
100,65536,131072,71,70.7061,0.71485,71.4209,122.027,34.3601,1274.76,1431.15
100,65536,131072,72,71.3526,0.726529,72.0791,123.162,35.9729,1270.54,1429.67
100,65536,131072,73,70.405,0.724736,71.1297,123.943,36.1917,1325.5,1485.63
100,65536,131072,74,69.4021,0.722803,70.1249,124.913,36.08,1298.77,1459.76
100,65536,131072,75,68.8285,0.705795,69.5343,123.911,36.8042,1258.37,1419.09
100,65536,131072,76,68.6016,0.710102,69.3117,116.491,35.2052,1277.94,1429.64
100,65536,131072,77,69.1448,0.716743,69.8615,123.591,35.8913,1303.03,1462.51
100,65536,131072,78,69.0519,0.749269,69.8012,121.629,36.0946,1259.76,1417.48
100,65536,131072,79,69.9927,0.759209,70.7519,117.904,34.3281,1275.28,1427.52
100,65536,131072,80,69.3761,0.703995,70.0801,119.307,35.0302,1254.06,1408.4
100,65536,131072,81,68.9969,0.720885,69.7178,118.383,34.9485,1284.68,1438.01
100,65536,131072,82,70.1848,0.706021,70.8908,118.574,34.4414,1264.55,1417.57
100,65536,131072,83,69.1616,0.717395,69.879,117.795,34.0649,1268.86,1420.72
100,65536,131072,84,69.5689,0.728639,70.2975,120.416,35.1677,1271.62,1427.21
100,65536,131072,85,69.2833,0.732821,70.0162,125.186,35.1349,1255.65,1415.97
100,65536,131072,86,69.3291,0.734075,70.0632,118.599,36.1466,1278.1,1432.85
100,65536,131072,87,72.3458,0.740303,73.0862,117.338,34.4489,1309.28,1461.06
100,65536,131072,88,69.6638,0.725379,70.3892,117.232,34.9293,1273.17,1425.33
100,65536,131072,89,69.6993,0.737023,70.4363,119.69,35.2177,1273.68,1428.59
100,65536,131072,90,69.1958,0.735258,69.9311,122.374,35.7582,1257.16,1415.29
100,65536,131072,91,69.3137,0.716693,70.0304,118.639,35.0838,1271.36,1425.08
100,65536,131072,92,69.6044,0.744703,70.3491,117.286,35.1672,1271.58,1424.03
100,65536,131072,93,69.026,0.713022,69.7391,117.2,34.3377,1243.67,1395.21
100,65536,131072,94,69.2839,0.732649,70.0165,118.733,34.3732,1251.79,1404.9
100,65536,131072,95,68.8476,0.716241,69.5639,120.748,35.824,1268.6,1425.17
100,65536,131072,96,70.0915,0.738918,70.8304,116.672,35.0171,1265.2,1416.89
100,65536,131072,97,67.9367,0.714275,68.6509,117.939,34.9029,1263.36,1416.21
100,65536,131072,98,68.5439,0.700083,69.244,117.784,33.9748,1293.47,1445.23
100,65536,131072,99,68.9403,0.721687,69.662,117.217,34.2457,1269.9,1421.37
200,65536,131072,0,79.6221,0.725115,80.3472,121.204,35.1329,2552.52,2708.86
200,65536,131072,1,62.7127,0.705395,63.4181,119.688,35.5071,2690.68,2845.87
200,65536,131072,2,62.9771,0.703331,63.6804,126.6,36.5896,2686.86,2850.05
200,65536,131072,3,63.0179,0.717847,63.7357,117.19,34.626,2626.39,2778.2
200,65536,131072,4,63.0832,0.701038,63.7843,127.47,37.1604,2620.51,2785.14
200,65536,131072,5,66.2009,0.714541,66.9155,118.08,34.3133,2654.12,2806.51
200,65536,131072,6,64.8228,0.718829,65.5417,119.876,35.4697,2634.65,2790
200,65536,131072,7,62.0487,0.707379,62.7561,116.682,35.2094,2620.73,2772.62
200,65536,131072,8,62.8102,0.693855,63.504,117.945,34.6112,2618.25,2770.8
200,65536,131072,9,63.5656,0.71938,64.285,116.703,34.0524,2674.78,2825.54
200,65536,131072,10,63.5876,0.716706,64.3043,116.763,34.2097,2643.28,2794.25
200,65536,131072,11,64.0718,0.711978,64.7838,116.151,34.7626,2606.52,2757.43
200,65536,131072,12,63.7542,0.720672,64.4749,121.37,34.8695,2606.47,2762.71
200,65536,131072,13,65.4072,0.736341,66.1436,117.476,36.1277,2594.5,2748.1
200,65536,131072,14,64.5971,0.736,65.3331,117.713,34.6386,2580.65,2733
200,65536,131072,15,64.544,0.763579,65.3075,116.229,34.1461,2626.35,2776.72
200,65536,131072,16,64.7323,0.726848,65.4591,121.164,34.8779,2599.12,2755.16
200,65536,131072,17,64.5535,0.716831,65.2703,117.219,35.43,2600.04,2752.69
200,65536,131072,18,64.6501,0.748537,65.3987,115.614,34.0872,2574.23,2723.93
200,65536,131072,19,63.8766,0.700803,64.5774,120.389,34.6564,2574.05,2729.1
200,65536,131072,20,62.9742,0.73328,63.7075,117.356,34.7331,2625.3,2777.39
200,65536,131072,21,63.8882,0.718073,64.6063,122.418,36.1601,2616.76,2775.34
200,65536,131072,22,63.3548,0.711572,64.0663,118.765,34.9275,2610.27,2763.97
200,65536,131072,23,62.5525,0.723152,63.2756,116.493,35.062,2592.01,2743.57
200,65536,131072,24,62.4652,0.698187,63.1634,117.999,34.8126,2618.07,2770.88
200,65536,131072,25,63.1592,0.712243,63.8714,117.438,35.0645,2621.68,2774.18
200,65536,131072,26,61.9164,0.722111,62.6385,115.977,34.3077,2657.56,2807.85
200,65536,131072,27,62.1515,0.705911,62.8574,118.468,34.82,2603.1,2756.39
200,65536,131072,28,62.3103,0.719496,63.0298,121.089,35.8186,2648.41,2805.32
200,65536,131072,29,62.5371,0.701394,63.2385,119.086,36.6999,2633.64,2789.43
200,65536,131072,30,63.9652,0.732809,64.698,118.487,34.2496,2638.7,2791.43
200,65536,131072,31,65.0708,0.719276,65.7901,117.142,34.7706,2828.52,2980.43
200,65536,131072,32,63.5717,0.712048,64.2837,129.552,36.5956,2820.03,2986.17
200,65536,131072,33,64.7446,0.723638,65.4682,125.063,37.9114,2724.4,2887.38
200,65536,131072,34,63.9399,0.753711,64.6936,122.356,36.8517,2732.05,2891.25
200,65536,131072,35,63.7777,0.702932,64.4806,122.522,36.7579,2737.69,2896.97
200,65536,131072,36,63.1232,0.727886,63.8511,122.962,37.1648,2746.87,2907
200,65536,131072,37,64.8258,0.697161,65.523,121.672,36.6182,2705.07,2863.35
200,65536,131072,38,62.4496,0.6968,63.1464,123.065,35.945,2719.66,2878.67
200,65536,131072,39,63.0992,0.695468,63.7946,131.064,36.7641,2777.66,2945.49
200,65536,131072,40,63.6063,0.727325,64.3336,124.631,36.3143,2706.29,2867.24
200,65536,131072,41,64.6404,0.722897,65.3632,124.603,37.3732,2716.19,2878.17
200,65536,131072,42,64.1848,0.729118,64.9139,124.187,36.9126,2690.02,2851.12
200,65536,131072,43,64.4857,0.721545,65.2072,130.254,37.3675,2666.7,2834.33
200,65536,131072,44,63.7052,0.69661,64.4018,122.612,36.5097,2714.77,2873.89
200,65536,131072,45,62.714,0.709704,63.4237,122.957,36.7523,2702.91,2862.62
200,65536,131072,46,67.248,0.82695,68.0749,121.803,35.7081,2673.57,2831.08
200,65536,131072,47,64.7554,0.72723,65.4827,124.571,36.4784,2670.62,2831.67
200,65536,131072,48,64.0181,0.706113,64.7243,124.807,36.6936,2690.35,2851.85
200,65536,131072,49,64.2121,0.733731,64.9459,120.446,35.8581,2772.93,2929.23
200,65536,131072,50,63.7433,0.74981,64.4931,120.119,35.3004,2646.42,2801.84
200,65536,131072,51,62.8732,0.724154,63.5973,121.486,35.0596,2692.52,2849.06
200,65536,131072,52,62.6902,0.695915,63.3861,122.171,35.2522,2685.35,2842.77
200,65536,131072,53,63.6483,0.735034,64.3834,120.807,35.0648,2690.03,2845.9
200,65536,131072,54,63.3848,1.00559,64.3904,118.348,34.4471,2636.07,2788.86
200,65536,131072,55,65.246,0.723834,65.9698,117.428,35.7286,2587.86,2741.02
200,65536,131072,56,65.1806,0.740994,65.9216,116.444,33.9737,2617.05,2767.47
200,65536,131072,57,64.2074,0.725136,64.9326,117.395,35.0612,2576.29,2728.74
200,65536,131072,58,64.3483,0.730035,65.0783,116.894,36.7787,2638.12,2791.8
200,65536,131072,59,64.7945,0.7214,65.5159,115.735,33.8979,2608.12,2757.75
200,65536,131072,60,64.561,0.713125,65.2741,119.114,34.9905,2621.68,2775.78
200,65536,131072,61,64.4862,0.71582,65.2021,124.523,35.1904,2556.73,2716.45
200,65536,131072,62,64.6812,0.703839,65.385,117.655,34.9037,2621.03,2773.59
200,65536,131072,63,63.9626,0.745397,64.708,117.787,34.9411,2641.46,2794.19
200,65536,131072,64,64.0787,0.735831,64.8146,116.656,34.5549,2604.55,2755.76
200,65536,131072,65,64.9884,0.733026,65.7214,117.978,34.3925,2579.27,2731.64
200,65536,131072,66,63.9208,0.761616,64.6824,118.154,34.9758,2609.23,2762.36
200,65536,131072,67,63.2537,0.729239,63.983,116.877,34.4514,2629.53,2780.85
200,65536,131072,68,63.1192,0.694167,63.8133,117.962,34.3549,2604.42,2756.74
200,65536,131072,69,66.2051,0.721585,66.9267,119.265,35.3158,2634.39,2788.97
200,65536,131072,70,62.0581,0.713682,62.7718,121.772,36.1112,2607.9,2765.78
200,65536,131072,71,62.9663,0.707601,63.6739,120.627,38.1529,2589.43,2748.21
200,65536,131072,72,63.0628,0.741,63.8038,118.554,35.1773,2683.44,2837.17
200,65536,131072,73,62.4548,0.701029,63.1558,118.437,35.7994,2696.28,2850.52
200,65536,131072,74,62.4577,0.693476,63.1511,121.588,35.9849,2598.37,2755.95
200,65536,131072,75,62.6464,0.687787,63.3341,117.436,34.4897,2567.66,2719.59
200,65536,131072,76,62.5865,0.684952,63.2714,118.725,35.4943,2586.67,2740.89
200,65536,131072,77,62.3612,0.711387,63.0725,121.033,35.5751,2632.31,2788.92
200,65536,131072,78,62.2219,0.702608,62.9245,120.242,35.1907,2602.48,2757.91
200,65536,131072,79,62.2976,0.701336,62.9989,118.722,35.3729,2607.61,2761.7
200,65536,131072,80,62.2422,0.697089,62.9393,117.479,34.1972,2579.92,2731.6
200,65536,131072,81,61.4136,0.700074,62.1137,120.94,36.0132,2658.02,2814.97
200,65536,131072,82,62.2155,0.712195,62.9277,118.984,34.6281,2611.74,2765.35
200,65536,131072,83,62.6834,0.701997,63.3854,118.442,35.1302,2612.9,2766.47
200,65536,131072,84,62.1907,0.757945,62.9486,120.327,34.7925,2615.05,2770.17
200,65536,131072,85,61.8993,0.731217,62.6305,119.59,34.5379,2597.21,2751.33
200,65536,131072,86,64.1614,0.739162,64.9006,117.889,35.0335,2584.62,2737.55
200,65536,131072,87,62.3348,0.729385,63.0642,120.964,36.0271,2671.72,2828.71
200,65536,131072,88,62.2642,0.779422,63.0437,118.391,34.2087,2599.83,2752.43
200,65536,131072,89,61.4671,0.694814,62.1619,118.838,35.2432,2574.77,2728.85
200,65536,131072,90,61.6623,0.69783,62.3601,117.977,34.3812,2575.7,2728.06
200,65536,131072,91,62.2481,0.717995,62.9661,117.462,34.7203,2620.67,2772.85
200,65536,131072,92,62.207,0.714068,62.9211,122.507,36.2757,2626.19,2784.97
200,65536,131072,93,61.677,0.717253,62.3943,118.218,34.966,2605.83,2759.01
200,65536,131072,94,61.2311,0.705649,61.9367,119.684,38.1825,2554.61,2712.48
200,65536,131072,95,60.8736,0.705879,61.5795,120.442,36.5911,2658.04,2815.08
200,65536,131072,96,61.3118,0.716458,62.0283,121.558,36.2497,2697.27,2855.07
200,65536,131072,97,60.9241,0.692716,61.6168,119.849,35.3668,2647.89,2803.11
200,65536,131072,98,61.2044,0.706561,61.911,119.028,34.312,2561.21,2714.54
200,65536,131072,99,61.5137,0.680896,62.1946,121.308,36.3857,2616.05,2773.74
200,65536,131072,100,60.7899,0.709887,61.4998,118.401,34.5225,2570.02,2722.94
200,65536,131072,101,61.081,0.697477,61.7785,119.874,35.5804,2621.32,2776.77
200,65536,131072,102,63.706,0.716881,64.4229,118.495,34.5177,2610.16,2763.17
200,65536,131072,103,62.5859,0.721781,63.3077,118.229,34.7088,2562.65,2715.58
200,65536,131072,104,62.1217,0.6984,62.8201,120.442,35.0879,2570.36,2725.89
200,65536,131072,105,61.4802,0.702649,62.1828,121.335,35.4153,2649.78,2806.53
200,65536,131072,106,65.1724,0.732486,65.9048,118.37,34.9744,2610.54,2763.89
200,65536,131072,107,72.8203,0.709835,73.5301,120.47,34.9213,2577.21,2732.6
200,65536,131072,108,72.9008,0.706167,73.607,121.833,35.4432,2602.72,2760
200,65536,131072,109,72.9445,0.720043,73.6645,127.446,36.6501,2587.14,2751.24
200,65536,131072,110,70.0654,0.715634,70.781,123.482,35.9336,2577.32,2736.74
200,65536,131072,111,69.488,0.688753,70.1768,121.587,35.9491,2585.91,2743.44
200,65536,131072,112,69.0102,0.699758,69.71,127.353,38.329,2588.53,2754.21
200,65536,131072,113,69.3147,0.691239,70.006,125.84,39.0485,2567.29,2732.18
200,65536,131072,114,69.3479,0.712947,70.0608,124.295,37.7141,2606.62,2768.63
200,65536,131072,115,68.7782,0.695389,69.4735,120.916,38.1826,2624.38,2783.48
200,65536,131072,116,69.092,0.685291,69.7773,124.642,38.2232,2542.71,2705.58
200,65536,131072,117,71.2927,0.709657,72.0023,121.778,37.3321,2600.36,2759.47
200,65536,131072,118,69.8903,0.688951,70.5792,120.103,37.0929,2631.28,2788.47
200,65536,131072,119,69.7287,0.716649,70.4453,121.087,36.3033,2595.22,2752.61
200,65536,131072,120,69.5706,0.690471,70.2611,119.463,34.4728,2542.88,2696.82
200,65536,131072,121,69.6329,0.701554,70.3344,117.619,35.2095,2613.36,2766.19
200,65536,131072,122,68.8984,0.677828,69.5762,122.926,35.5147,2666.79,2825.23
200,65536,131072,123,68.7898,0.697703,69.4875,119.132,35.0911,2571.12,2725.35
200,65536,131072,124,69.3961,0.679424,70.0755,117.482,34.3186,2577.56,2729.36
200,65536,131072,125,69.0011,0.727167,69.7282,125.243,41.6755,2579.76,2746.68
200,65536,131072,126,69.4891,0.683975,70.1731,118.916,35.4037,2649.39,2803.71
200,65536,131072,127,69.0547,0.674173,69.7289,117.138,34.5207,2553.53,2705.18
200,65536,131072,128,68.8951,0.698169,69.5932,119.719,35.1416,2586.17,2741.03
200,65536,131072,129,68.8698,0.678215,69.548,118.305,35.2679,2632.1,2785.68
200,65536,131072,130,68.9265,0.686327,69.6128,120.088,35.4088,2649.12,2804.61
200,65536,131072,131,69.224,0.686017,69.91,120.237,35.3587,2582.29,2737.88
200,65536,131072,132,71.3149,0.70014,72.0151,120.828,35.7362,2552.12,2708.68
200,65536,131072,133,68.1301,0.678014,68.8081,120.534,35.574,2584.01,2740.12
200,65536,131072,134,68.2428,0.692358,68.9351,120.681,35.6502,2581.9,2738.23
200,65536,131072,135,67.4651,0.691718,68.1568,118.376,34.563,2612.55,2765.49
200,65536,131072,136,67.3857,0.678675,68.0644,119.863,35.2126,2595.61,2750.68
200,65536,131072,137,68.1981,0.684836,68.883,118.614,35.9358,2579.64,2734.19
200,65536,131072,138,67.5618,0.693034,68.2548,122.634,36.2734,2573.16,2732.07
200,65536,131072,139,67.5453,0.700346,68.2456,118.66,34.3457,2603.28,2756.29
200,65536,131072,140,68.8045,0.700986,69.5055,119.747,35.5885,2569.87,2725.21
200,65536,131072,141,68.9323,0.694235,69.6265,119.112,35.1763,2570.32,2724.61
200,65536,131072,142,68.6172,0.689983,69.3072,117.151,34.2952,2570.32,2721.76
200,65536,131072,143,68.8181,0.682221,69.5003,119.238,35.4064,2584.55,2739.19
200,65536,131072,144,68.6231,0.67761,69.3007,116.388,34.2968,2606.69,2757.37
200,65536,131072,145,68.0556,0.709208,68.7648,120.457,35.5917,2538.76,2694.81
200,65536,131072,146,68.8105,0.690954,69.5014,120.196,35.445,2578.07,2733.71
200,65536,131072,147,69.5773,0.703457,70.2807,118.188,34.6957,2526.1,2678.98
200,65536,131072,148,68.6688,0.699966,69.3687,118.472,34.5564,2569.86,2722.89
200,65536,131072,149,69.1503,0.705108,69.8554,120.065,35.2741,2612.49,2767.83
200,65536,131072,150,68.9738,0.682231,69.656,120.421,35.5654,2538.94,2694.93
200,65536,131072,151,68.667,0.71349,69.3805,117.115,34.3647,2534.71,2686.19
200,65536,131072,152,68.8631,0.698825,69.5619,122.427,35.5457,2592.7,2750.67
200,65536,131072,153,68.8794,0.726788,69.6062,122.874,36.1653,2611.15,2770.19
200,65536,131072,154,68.9559,0.710885,69.6668,120.784,35.7702,2547.48,2704.04
200,65536,131072,155,68.893,0.890408,69.7834,118.929,34.8743,2546.01,2699.82
200,65536,131072,156,69.9056,0.703543,70.6091,124.74,35.1161,2548.11,2707.97
200,65536,131072,157,69.0698,0.698862,69.7686,118.02,35.1515,2577.87,2731.04
200,65536,131072,158,69.6233,0.681077,70.3043,118.895,39.4537,2510.31,2668.66
200,65536,131072,159,69.5987,0.690309,70.289,118.911,34.9509,2570.34,2724.2
200,65536,131072,160,69.9274,0.715095,70.6425,119.923,34.788,2531.73,2686.44
200,65536,131072,161,69.6342,0.680457,70.3147,119.506,35.0337,2535.09,2689.63
200,65536,131072,162,69.2477,0.700012,69.9477,122.567,35.9938,2575.5,2734.06
200,65536,131072,163,68.5785,0.73218,69.3107,120.896,35.0552,2621.33,2777.28
200,65536,131072,164,68.1771,0.700121,68.8772,120.004,35.5229,2601.47,2756.99
200,65536,131072,165,69.4973,0.702505,70.1998,120.386,35.2923,2542.67,2698.35
200,65536,131072,166,69.0944,0.703156,69.7975,120.66,34.4049,2517.35,2672.41
200,65536,131072,167,69.175,0.704214,69.8792,117.154,34.5333,2616.73,2768.42
200,65536,131072,168,69.6811,0.710618,70.3917,119.199,34.8516,2566.77,2720.82
200,65536,131072,169,69.4465,0.692339,70.1388,121.985,34.6707,2567.63,2724.29
200,65536,131072,170,69.4903,0.683971,70.1743,119.16,35.0101,2520.39,2674.56
200,65536,131072,171,69.0611,0.70653,69.7677,121.741,36.185,2633.06,2790.99
200,65536,131072,172,68.9784,0.695806,69.6742,124.74,35.1095,2600.54,2760.39
200,65536,131072,173,68.8321,0.69759,69.5297,118.866,35.0729,2605.04,2758.98
200,65536,131072,174,68.8174,0.700987,69.5184,119.646,35.0751,2507.5,2662.23
200,65536,131072,175,68.7151,0.701659,69.4168,117.544,35.946,2545.37,2698.86
200,65536,131072,176,68.9518,0.684161,69.636,119.336,35.0704,2570.05,2724.46
200,65536,131072,177,70.7474,0.697039,71.4445,120.28,35.1488,2553.1,2708.52
200,65536,131072,178,68.7236,0.696507,69.4201,118.305,34.3517,2536.95,2689.61
200,65536,131072,179,68.7938,0.696478,69.4903,119.074,35.161,2572.31,2726.54
200,65536,131072,180,68.8687,0.698532,69.5672,122.267,35.8451,2591.54,2749.65
200,65536,131072,181,69.1367,0.677833,69.8145,119.682,36.0438,2604.75,2760.48
200,65536,131072,182,68.238,0.678985,68.917,119.073,34.968,2544.34,2698.38
200,65536,131072,183,68.7627,0.684487,69.4472,117.861,34.7722,2523.97,2676.61
200,65536,131072,184,68.3651,0.707738,69.0728,118.417,35.2459,2591.89,2745.56
200,65536,131072,185,69.8067,0.69028,70.497,122.714,36.5032,2570.04,2729.26
200,65536,131072,186,70.9033,0.697776,71.601,123.286,37.2191,2572.65,2733.16
200,65536,131072,187,71.4002,0.715064,72.1152,117.56,35.0858,2538.58,2691.22
200,65536,131072,188,71.5036,0.717138,72.2207,120.262,35.5001,2520.12,2675.88
200,65536,131072,189,71.5161,0.725487,72.2416,119.181,36.3778,2580.9,2736.46
200,65536,131072,190,71.4181,0.7316,72.1497,124.121,36.1914,2563.52,2723.83
200,65536,131072,191,72.9591,0.703209,73.6624,118.877,36.8603,2534.58,2690.32
200,65536,131072,192,71.5645,0.704491,72.269,124.723,35.0533,2541.58,2701.35
200,65536,131072,193,69.9714,0.698398,70.6698,121.825,37.9956,2498.73,2658.55
200,65536,131072,194,70.5166,0.700402,71.217,123.643,36.6927,2523.97,2684.3
200,65536,131072,195,71.3809,0.6829,72.0638,120.274,37.5564,2562.21,2720.04
200,65536,131072,196,69.7369,0.712635,70.4496,118.466,35.5898,2569.26,2723.31
200,65536,131072,197,69.418,0.67777,70.0957,122.257,35.5123,2493.48,2651.25
200,65536,131072,198,69.5585,0.688523,70.2471,118.686,35.0781,2514.11,2667.87
200,65536,131072,199,69.325,0.685255,70.0103,122.041,36.0771,2518.59,2676.71
500,65536,131072,0,61.53,0.75356,62.2836,120.91,34.6147,6621,6776.52
500,65536,131072,1,62.1239,0.710007,62.8339,123.448,35.7892,6725.55,6884.79
500,65536,131072,2,76.5536,0.705909,77.2595,126.31,35.567,6690.52,6852.4
500,65536,131072,3,63.4155,0.715638,64.1311,136.642,35.3968,6685.09,6857.13
500,65536,131072,4,63.1872,0.726858,63.914,120.287,35.7311,6750.95,6906.97
500,65536,131072,5,62.8298,0.710798,63.5406,118.185,35.0594,6677.1,6830.34
500,65536,131072,6,65.2463,0.755584,66.0019,122.796,35.1141,6647.69,6805.6
500,65536,131072,7,64.0827,0.724664,64.8074,120.125,35.0369,6647.3,6802.46
500,65536,131072,8,64.8392,0.739092,65.5783,121.573,34.9745,6808.01,6964.56
500,65536,131072,9,64.6925,0.7222,65.4147,121.901,35.5048,6763.09,6920.49
500,65536,131072,10,64.4853,0.715487,65.2007,128.8,37.7549,6767.18,6933.73
500,65536,131072,11,65.0675,0.750013,65.8175,119.623,34.7852,6566.59,6720.99
500,65536,131072,12,65.25,0.718182,65.9681,118.13,34.8132,6545.2,6698.15
500,65536,131072,13,65.0204,0.730265,65.7507,120.712,34.5517,6646.95,6802.22
500,65536,131072,14,64.9566,0.721178,65.6778,119.629,34.9797,6757.39,6912
500,65536,131072,15,65.3195,0.705929,66.0255,119.236,35.0532,6588.42,6742.71
500,65536,131072,16,65.1625,0.721077,65.8835,118.267,34.0068,6498.56,6650.84
500,65536,131072,17,65.9883,0.759951,66.7483,117.696,34.3107,6499.38,6651.39
500,65536,131072,18,65.3121,0.711038,66.0231,122.582,36.1221,6626.76,6785.46
500,65536,131072,19,64.9047,0.749,65.6537,120.788,36.019,6644.01,6800.82
500,65536,131072,20,65.2581,0.758699,66.0168,122.875,36.0082,6511.54,6670.42
500,65536,131072,21,66.1491,0.734413,66.8835,119.685,34.8148,6604.53,6759.03
500,65536,131072,22,68.0458,0.720727,68.7665,118.225,35.3275,6581.36,6734.91
500,65536,131072,23,64.5892,0.725907,65.3151,115.365,33.99,6737.24,6886.6
500,65536,131072,24,64.698,0.786121,65.4841,120.36,37.3931,6657.59,6815.34
500,65536,131072,25,64.8029,0.7169,65.5198,119.533,35.0556,6709.79,6864.38
500,65536,131072,26,64.8176,0.716168,65.5337,141.132,43.96,7501.55,7686.64
500,65536,131072,27,64.558,0.719996,65.278,128.005,37.4934,7058.59,7224.09
500,65536,131072,28,64.8652,0.72267,65.5879,119.144,34.7122,6596.74,6750.6
500,65536,131072,29,63.8064,0.738851,64.5452,119.846,35.1392,6744.12,6899.11
500,65536,131072,30,63.9994,0.71152,64.7109,119.019,35.2637,6596.9,6751.18
500,65536,131072,31,63.5395,0.7436,64.2831,121.044,35.5648,6663.6,6820.21
500,65536,131072,32,63.5754,0.745995,64.3214,119.213,35.426,6707.85,6862.49
500,65536,131072,33,64.0559,0.700348,64.7562,118.806,35.5367,6647.2,6801.54
500,65536,131072,34,64.1673,0.688747,64.856,122.957,36.3106,6563.61,6722.88
500,65536,131072,35,64.1719,0.684217,64.8561,117.767,34.6084,6579.31,6731.69
500,65536,131072,36,63.4492,0.69068,64.1399,119.427,35.2775,6574,6728.71
500,65536,131072,37,64.0214,0.703354,64.7248,119.338,35.5812,6601.38,6756.3
500,65536,131072,38,64.5071,0.706631,65.2137,120.333,35.8217,6575.23,6731.38
500,65536,131072,39,63.4482,0.724214,64.1725,123.047,36.6768,6592.7,6752.43
500,65536,131072,40,63.409,0.686772,64.0957,120.875,35.1022,6507.44,6663.41
500,65536,131072,41,63.141,0.703354,63.8443,119.893,34.4204,6614.93,6769.24
500,65536,131072,42,63.4307,0.702753,64.1335,121.225,36.3664,6631.7,6789.29
500,65536,131072,43,63.484,0.704376,64.1883,130.143,37.5876,6643.52,6811.25
500,65536,131072,44,63.5221,0.694968,64.2171,119.144,35.3939,6490.76,6645.3
500,65536,131072,45,64.697,0.694638,65.3917,119.187,35.1132,6521.85,6676.15
500,65536,131072,46,63.7392,0.726087,64.4653,122.995,35.6692,6616.48,6775.15
500,65536,131072,47,63.5815,0.700311,64.2818,117.595,34.6961,6580.38,6732.67
500,65536,131072,48,63.9762,0.761257,64.7374,122.328,35.1094,6552.94,6710.37
500,65536,131072,49,64.5801,0.705821,65.286,121.654,36.0811,6482.48,6640.21
500,65536,131072,50,63.2832,0.68931,63.9725,121.222,36.1709,6475.95,6633.35
500,65536,131072,51,64.7124,0.729235,65.4416,118.071,35.6063,6614.65,6768.33
500,65536,131072,52,65.1976,0.730809,65.9284,118.676,36.2792,6632.14,6787.1
500,65536,131072,53,65.2546,0.71072,65.9653,119.227,34.9177,6473.91,6628.05
500,65536,131072,54,68.0849,0.82095,68.9058,119.102,35.3361,6489.17,6643.61
500,65536,131072,55,66.572,0.736781,67.3088,118.241,35.0754,6515.22,6668.54
500,65536,131072,56,66.0187,0.765194,66.7839,118.497,35.4821,6609.39,6763.36
500,65536,131072,57,65.7529,0.732302,66.4852,117.723,34.4146,6547.88,6700.02
500,65536,131072,58,65.9163,0.717313,66.6336,118.674,34.4823,6625.5,6778.66
500,65536,131072,59,65.681,0.716602,66.3976,117.131,34.6527,6402.84,6554.62
500,65536,131072,60,64.8924,0.707875,65.6003,118.995,35.0231,6575.28,6729.3
500,65536,131072,61,64.5943,0.737391,65.3317,118.332,34.4459,6657.23,6810.01
500,65536,131072,62,64.1784,0.705842,64.8842,125.977,37.2085,6552.82,6716
500,65536,131072,63,64.4262,0.709518,65.1358,116.795,34.483,6626.69,6777.97
500,65536,131072,64,63.6764,0.693127,64.3695,116.942,34.2874,6548.17,6699.4
500,65536,131072,65,64.1941,0.738002,64.9321,117.063,34.2448,6621.48,6772.78
500,65536,131072,66,63.8728,0.701433,64.5743,116.868,34.2393,6560.77,6711.87
500,65536,131072,67,64.4085,0.703827,65.1124,119.882,36.0547,6598.74,6754.67
500,65536,131072,68,64.1274,0.702646,64.83,119.423,35.166,6567.99,6722.58
500,65536,131072,69,64.2208,0.706563,64.9274,117.455,34.7341,6596.39,6748.58
500,65536,131072,70,65.4041,0.724156,66.1282,118.017,34.5241,6647.68,6800.23
500,65536,131072,71,64.048,0.703567,64.7515,120.438,35.1216,6675.04,6830.6
500,65536,131072,72,64.0345,0.707444,64.742,122.941,34.5251,6598.25,6755.71
500,65536,131072,73,63.9825,0.704649,64.6872,117.654,34.6075,6535.6,6687.86
500,65536,131072,74,64.3269,0.687827,65.0147,125.108,35.668,6627.66,6788.43
500,65536,131072,75,64.2309,0.729856,64.9608,119.282,34.624,6471.59,6625.5
500,65536,131072,76,64.2822,0.707173,64.9894,122.007,34.5507,6606.05,6762.6
500,65536,131072,77,64.585,0.743392,65.3284,121.215,35.9647,6672.54,6829.72
500,65536,131072,78,63.557,0.727753,64.2848,118.185,34.5147,6514.42,6667.12
500,65536,131072,79,63.7057,0.701122,64.4068,117.5,34.7738,6514.59,6666.87
500,65536,131072,80,64.3744,0.738764,65.1131,120.816,36.0621,6643.63,6800.51
500,65536,131072,81,63.9342,0.729305,64.6635,119.981,35.3445,6573.82,6729.14
500,65536,131072,82,64.9622,0.746949,65.7092,120.114,35.8643,6647.1,6803.08
500,65536,131072,83,65.0539,0.720218,65.7741,116.824,34.5191,6528.51,6679.85
500,65536,131072,84,64.3984,0.724176,65.1226,121.435,35.7308,6643.47,6800.64
500,65536,131072,85,64.7834,0.734015,65.5174,120.796,35.8306,6628.2,6784.82
500,65536,131072,86,66.2423,0.701453,66.9438,118.945,34.5213,6533.29,6686.76
500,65536,131072,87,62.6209,0.678459,63.2993,119.813,35.3016,6457.22,6612.34
500,65536,131072,88,61.9129,0.708005,62.6209,120.629,35.1675,6443.11,6598.91
500,65536,131072,89,62.2755,0.706662,62.9822,119.793,35.1521,6673.51,6828.45
500,65536,131072,90,62.7468,0.730708,63.4775,118.058,34.9759,6541.88,6694.91
500,65536,131072,91,62.9835,0.68914,63.6726,118.428,35.002,6514.27,6667.7
500,65536,131072,92,63.3577,0.737712,64.0955,119.741,35.284,6496.3,6651.32
500,65536,131072,93,62.7546,0.699088,63.4537,118.535,34.7482,6555.96,6709.25
500,65536,131072,94,63.3096,0.683689,63.9933,122.46,36.7629,6514.75,6673.97
500,65536,131072,95,62.5943,0.716642,63.3109,118.135,35.4505,6500.68,6654.27
500,65536,131072,96,63.2068,0.710069,63.9169,118.491,34.9213,6528.23,6681.64
500,65536,131072,97,62.8238,0.752659,63.5764,117.525,34.7199,6435.97,6588.21
500,65536,131072,98,63.211,0.707865,63.9188,118.36,35.0984,6602.45,6755.91
500,65536,131072,99,62.8387,0.732622,63.5713,117.415,34.5085,6533.15,6685.07
500,65536,131072,100,63.1395,0.712874,63.8524,118.384,34.5233,6550.87,6703.78
500,65536,131072,101,63.3937,0.76807,64.1618,122.398,36.3318,6592.24,6750.97
500,65536,131072,102,64.9873,0.701102,65.6884,119.985,34.9443,6541.41,6696.34
500,65536,131072,103,61.2199,0.713426,61.9333,118.139,35.0302,6607.07,6760.24
500,65536,131072,104,62.3239,0.705119,63.029,117.32,34.4477,6681.43,6833.2
500,65536,131072,105,62.0736,0.716882,62.7905,117.21,34.6524,6646.24,6798.1
500,65536,131072,106,62.6176,0.698698,63.3162,118.021,36.005,6597.86,6751.88
500,65536,131072,107,62.0881,0.700601,62.7887,118.899,35.2594,6588.48,6742.64
500,65536,131072,108,62.1072,0.719216,62.8264,122.164,36.0598,6531.44,6689.66
500,65536,131072,109,62.7288,0.712454,63.4412,119.973,35.3922,6618.44,6773.8
500,65536,131072,110,62.129,0.705961,62.8349,125.911,35.6186,6568.35,6729.88
500,65536,131072,111,62.0479,0.712123,62.76,120.606,35.4119,6453.82,6609.84
500,65536,131072,112,62.4821,0.736068,63.2181,119.314,34.6779,6430.32,6584.31
500,65536,131072,113,63.0122,0.725919,63.7381,120.514,35.0644,6554.39,6709.97
500,65536,131072,114,63.2023,0.774542,63.9768,120.141,35.3318,6574.62,6730.1
500,65536,131072,115,62.8681,0.71587,63.584,120.646,36.1713,6501.47,6658.29
500,65536,131072,116,62.6453,0.718355,63.3636,119.948,34.7139,6497.04,6651.7
500,65536,131072,117,62.0861,0.708496,62.7946,118.299,35.0881,6519.18,6672.57
500,65536,131072,118,62.6829,0.724155,63.4071,119.803,36.3353,6608.63,6764.77
500,65536,131072,119,64.2063,0.700971,64.9073,119.183,35.6845,6638.21,6793.07
500,65536,131072,120,60.887,0.69969,61.5867,120.448,35.409,6514.91,6670.77
500,65536,131072,121,60.5892,0.688488,61.2776,120.243,35.6197,6520.16,6676.02
500,65536,131072,122,61.0688,0.691503,61.7603,117.299,34.6506,6626.55,6778.5
500,65536,131072,123,60.9457,0.706241,61.6519,120.369,35.1423,6644.37,6799.88
500,65536,131072,124,61.9815,0.697415,62.679,119.459,34.7517,6565.6,6719.81
500,65536,131072,125,60.8913,0.680302,61.5716,119.334,35.3532,6451.6,6606.28
500,65536,131072,126,60.7753,0.685633,61.4609,119.756,35.0756,6547.47,6702.3
500,65536,131072,127,60.6639,0.729215,61.3932,118.983,35.6627,6633.27,6787.91
500,65536,131072,128,61.7992,0.676475,62.4757,117.589,34.2416,6414.16,6565.99
500,65536,131072,129,60.6356,0.681013,61.3166,121.669,35.4924,6617.58,6774.74
500,65536,131072,130,60.751,0.689449,61.4405,117.153,34.8281,6499.75,6651.73
500,65536,131072,131,60.5038,0.682026,61.1859,121.375,36.0814,6551.73,6709.18
500,65536,131072,132,60.6954,0.699168,61.3946,119.819,35.2881,6637.04,6792.15
500,65536,131072,133,61.1199,0.689529,61.8094,122.861,35.3804,6555.36,6713.6
500,65536,131072,134,60.6955,0.683278,61.3787,119.407,35.0622,6630.89,6785.36
500,65536,131072,135,60.4735,0.68978,61.1633,120.027,35.4985,6549.54,6705.06
500,65536,131072,136,63.8898,0.722663,64.6125,117.176,34.2883,6584.55,6736.01
500,65536,131072,137,61.1873,0.691684,61.8789,121.713,35.4495,6633.06,6790.22
500,65536,131072,138,61.4003,0.687967,62.0883,120.029,35.5006,6562.76,6718.29
500,65536,131072,139,61.8504,0.987024,62.8374,119.099,35.2924,6481.11,6635.5
500,65536,131072,140,61.2475,0.693116,61.9406,121.432,35.8927,6566.3,6723.62
500,65536,131072,141,61.9903,0.707143,62.6974,121.559,34.9208,6660.69,6817.17
500,65536,131072,142,61.9626,0.692425,62.655,122.501,34.97,6495.29,6652.77
500,65536,131072,143,62.5709,0.723414,63.2943,120.096,35.1053,6521.18,6676.38
500,65536,131072,144,62.2226,0.688467,62.9111,118.144,34.2677,6412.37,6564.78
500,65536,131072,145,62.6047,0.726558,63.3312,118.78,34.7771,6496.41,6649.97
500,65536,131072,146,62.7652,0.710728,63.4759,118.053,34.3459,6478.83,6631.23
500,65536,131072,147,62.4945,0.724013,63.2185,117.774,34.937,6563.26,6715.97
500,65536,131072,148,62.4566,0.702653,63.1593,119.623,34.6122,6568.34,6722.58
500,65536,131072,149,61.8778,0.699627,62.5775,121.08,35.1951,6466.17,6622.44
500,65536,131072,150,62.6158,0.71161,63.3275,119.967,35.9106,6509.24,6665.12
500,65536,131072,151,62.7643,0.710327,63.4746,117.214,34.4545,6478.16,6629.82
500,65536,131072,152,67.0427,0.722931,67.7657,118.75,34.3925,6589.96,6743.11
500,65536,131072,153,63.0851,0.712431,63.7975,119.917,35.0833,6494.46,6649.46
500,65536,131072,154,62.61,0.721247,63.3313,119.712,35.875,6562.92,6718.51
500,65536,131072,155,62.6969,0.71168,63.4086,119.302,35.3874,6624.67,6779.36
500,65536,131072,156,62.5578,0.720917,63.2787,121.093,35.3907,6634.94,6791.42
500,65536,131072,157,68.2434,0.790649,69.0341,123.332,35.9319,6574.62,6733.89
500,65536,131072,158,63.3304,0.710838,64.0412,117.607,34.0929,6434.41,6586.11
500,65536,131072,159,62.6221,0.705949,63.3281,116.726,34.5544,6559.81,6711.09
500,65536,131072,160,63.1394,0.715797,63.8552,122.956,36.3684,6651.48,6810.8
500,65536,131072,161,63.025,0.778236,63.8032,119.76,35.2982,6650.5,6805.56
500,65536,131072,162,62.9453,0.724985,63.6703,119.341,34.3297,6551.54,6705.21
500,65536,131072,163,62.8277,0.733401,63.5611,118.918,35.3268,6550.83,6705.07
500,65536,131072,164,62.4426,0.717671,63.1603,119.55,34.5271,6513.71,6667.79
500,65536,131072,165,63.0806,0.697082,63.7777,116.94,34.0354,6594.83,6745.8
500,65536,131072,166,62.9132,0.72761,63.6408,119.879,34.9162,6722.83,6877.62
500,65536,131072,167,62.8548,0.711599,63.5664,115.183,34.0548,6559.05,6708.29
500,65536,131072,168,65.0523,1.13582,66.1881,122.806,37.0663,6453.55,6613.42
500,65536,131072,169,63.7305,0.72245,64.4529,117.871,34.8515,6443.6,6596.32
500,65536,131072,170,61.9092,0.712201,62.6214,118.654,35.1413,6530.13,6683.92
500,65536,131072,171,62.0097,0.71242,62.7222,118.705,35.7932,6523,6677.5
500,65536,131072,172,62.1902,0.721869,62.9121,118.36,34.9721,6420.16,6573.49
500,65536,131072,173,62.0143,0.7186,62.7329,121.191,36.063,6509.81,6667.07
500,65536,131072,174,62.0798,0.711107,62.7909,117.886,34.3829,6592.3,6744.57
500,65536,131072,175,62.1733,0.709513,62.8829,121.366,35.3695,6526.42,6683.16
500,65536,131072,176,62.755,0.704504,63.4595,119.218,35.1846,6592.84,6747.24
500,65536,131072,177,62.6303,0.701308,63.3316,128.063,35.9212,6526.03,6690.02
500,65536,131072,178,62.0828,0.695236,62.778,119.579,34.9412,6432.65,6587.17
500,65536,131072,179,62.0968,0.710495,62.8073,118.46,34.8073,6485.66,6638.93
500,65536,131072,180,63.9634,0.725473,64.6888,117.266,34.0624,6604.4,6755.73
500,65536,131072,181,63.3149,0.724331,64.0392,117.695,34.3007,6481.41,6633.41
500,65536,131072,182,62.6847,0.69738,63.3821,116.418,34.6327,6513.94,6664.99
500,65536,131072,183,62.8097,0.718921,63.5286,116.089,34.3001,6480.42,6630.81
500,65536,131072,184,62.8369,0.709823,63.5467,120.712,34.5579,6570.16,6725.43
500,65536,131072,185,64.3995,0.691368,65.0908,118.376,35.0188,6792.79,6946.19
500,65536,131072,186,60.6523,0.690797,61.3431,116.014,34.5088,6523.32,6673.85
500,65536,131072,187,61.0733,0.682913,61.7562,117.025,34.9399,6500.24,6652.21
500,65536,131072,188,61.0466,0.740212,61.7869,116.172,34.302,6513.05,6663.52
500,65536,131072,189,60.9146,0.691419,61.606,117.102,34.2892,6574.82,6726.21
500,65536,131072,190,62.6192,0.751453,63.3706,117.706,34.7845,6532.05,6684.54
500,65536,131072,191,62.0874,0.710245,62.7976,118.946,35.1774,6523.73,6677.86
500,65536,131072,192,62.064,0.711958,62.776,118.705,34.3821,6484.05,6637.14
500,65536,131072,193,62.3703,0.694916,63.0652,118.286,34.647,6583.86,6736.79
500,65536,131072,194,62.3553,0.700286,63.0556,121.759,35.6786,6553.98,6711.42
500,65536,131072,195,61.3972,0.691609,62.0889,118.393,35.3661,6568.46,6722.22
500,65536,131072,196,61.5336,0.690597,62.2242,128.068,37.1068,6513.9,6679.08
500,65536,131072,197,60.8284,0.704534,61.533,118.699,34.7871,6501.84,6655.32
500,65536,131072,198,61.6948,0.706397,62.4012,119.281,39.8137,6566.19,6725.28
500,65536,131072,199,61.6698,0.691309,62.3611,115.726,34.5595,6607.81,6758.09
500,65536,131072,200,61.7834,0.69176,62.4752,121.272,34.3473,6541.65,6697.27
500,65536,131072,201,63.6122,0.731124,64.3433,118.492,34.8421,6440.37,6593.71
500,65536,131072,202,61.2231,0.694084,61.9172,116.352,34.3621,6530.82,6681.53
500,65536,131072,203,62.7603,0.724272,63.4846,119.382,35.6499,6595.16,6750.19
500,65536,131072,204,63.3604,0.719993,64.0804,117.913,36.8209,6546.81,6701.55
500,65536,131072,205,62.4701,0.701168,63.1712,117.815,34.7566,6598.93,6751.5
500,65536,131072,206,61.8244,0.69702,62.5215,122.895,34.2012,6510.01,6667.1
500,65536,131072,207,62.4636,0.706999,63.1706,117.712,35.4396,6514.95,6668.1
500,65536,131072,208,63.7944,0.702369,64.4968,117.37,34.6781,6609.68,6761.73
500,65536,131072,209,68.8694,0.696829,69.5662,121.715,35.9185,6593.59,6751.22
500,65536,131072,210,73.5973,0.705065,74.3024,123.073,38.4462,6528.38,6689.9
500,65536,131072,211,72.5845,0.695546,73.2801,124.654,36.2065,6490.92,6651.78
500,65536,131072,212,71.4335,0.709744,72.1432,128.456,37.7605,6636.99,6803.21
500,65536,131072,213,73.0817,0.798263,73.8799,124.064,37.0847,6626.28,6787.43
500,65536,131072,214,71.1729,0.695707,71.8686,128.863,37.0047,6508.95,6674.82
500,65536,131072,215,70.6422,0.680007,71.3222,123.879,37.2111,6531.47,6692.56
500,65536,131072,216,70.4425,0.703432,71.1459,125.749,36.5733,6434.57,6596.89
500,65536,131072,217,72.1656,0.704313,72.8699,123.25,38.0734,6583.96,6745.29
500,65536,131072,218,70.7973,0.689615,71.4869,136.32,41.7196,6569.89,6747.93
500,65536,131072,219,71.3181,0.713651,72.0318,124.356,38.2728,6486.54,6649.17
500,65536,131072,220,71.2969,0.691348,71.9882,127.826,38.556,6457.07,6623.46
500,65536,131072,221,70.988,0.689746,71.6777,123.74,37.5552,6513.92,6675.22
500,65536,131072,222,71.4056,0.717518,72.1231,126.108,38.8504,6569.49,6734.44
500,65536,131072,223,73.7623,0.695807,74.4581,121.883,37.3484,6483.52,6642.75
500,65536,131072,224,71.0662,0.694535,71.7607,124.405,36.7392,6492.57,6653.72
500,65536,131072,225,71.5833,0.69741,72.2807,123.674,37.5875,6433.92,6595.18
500,65536,131072,226,71.3045,0.699754,72.0042,123.436,37.9229,6576.1,6737.46
500,65536,131072,227,69.9574,0.732828,70.6903,122.945,36.3367,6574.91,6734.19
500,65536,131072,228,70.2742,0.680948,70.9551,122.1,38.2017,6511.07,6671.37
500,65536,131072,229,71.177,0.708932,71.8859,125.677,37.673,6410.97,6574.32
500,65536,131072,230,71.4457,0.707271,72.153,120.947,36.7778,6505.02,6662.75
500,65536,131072,231,73.6395,0.70079,74.3403,121.245,37.4915,6513.06,6671.8
500,65536,131072,232,69.6174,0.678497,70.2959,119.673,36.8238,6538.58,6695.07
500,65536,131072,233,69.1307,0.686112,69.8168,125.597,37.2595,6429.55,6592.41
500,65536,131072,234,69.2175,0.686973,69.9045,124.725,38.3113,6525.57,6688.61
500,65536,131072,235,68.7276,0.682174,69.4098,125.96,38.9487,6485.21,6650.12
500,65536,131072,236,69.2673,0.677706,69.9451,120.134,36.2258,6516.52,6672.88
500,65536,131072,237,69.0641,0.682905,69.747,120.942,37.1341,6495.47,6653.54
500,65536,131072,238,69.5008,0.681012,70.1818,120.031,36.2219,6505.06,6661.31
500,65536,131072,239,70.1041,0.676263,70.7803,120.484,36.4994,6482.79,6639.77
500,65536,131072,240,70.0166,0.676033,70.6926,124.033,41.4151,6493.37,6658.82
500,65536,131072,241,70.109,0.686853,70.7958,119.587,36.1298,6554.73,6710.45
500,65536,131072,242,72.3872,0.677645,73.0649,119.122,35.7944,6500.85,6655.77
500,65536,131072,243,70.0541,0.697002,70.7511,116.083,35.9121,6438.86,6590.86
500,65536,131072,244,73.0088,0.730015,73.7388,117.98,34.7967,6453.3,6606.08
500,65536,131072,245,76.1415,0.833511,76.975,117.111,35.2845,6531.8,6684.2
500,65536,131072,246,74.5054,0.704636,75.21,116.898,34.6063,6486.17,6637.67
500,65536,131072,247,69.392,0.679689,70.0717,117.821,33.7408,6517.59,6669.15
500,65536,131072,248,68.5353,0.677936,69.2132,116.9,34.3912,6476.05,6627.34
500,65536,131072,249,68.9365,0.679358,69.6159,118.283,37.913,7018.41,7174.6
500,65536,131072,250,69.5808,0.700839,70.2816,117.796,34.6404,7093.37,7245.8
500,65536,131072,251,69.7576,0.677625,70.4352,115.174,34.529,7071.6,7221.3
500,65536,131072,252,69.1886,0.696932,69.8855,119.941,36.4159,7002.82,7159.17
500,65536,131072,253,69.0662,0.685581,69.7517,116.117,34.673,7011.9,7162.69
500,65536,131072,254,69.1047,0.688766,69.7935,115.771,33.7232,7018.82,7168.32
500,65536,131072,255,68.5567,0.671603,69.2283,116.794,34.4467,7080.29,7231.53
500,65536,131072,256,70.3028,0.691061,70.9939,116.681,34.6078,7051.65,7202.94
500,65536,131072,257,68.4968,0.693094,69.1899,115.516,34.1459,7076.35,7226.01
500,65536,131072,258,69.0064,0.702232,69.7087,117.683,34.6394,6933.92,7086.24
500,65536,131072,259,69.3619,0.705889,70.0678,115.565,33.8593,7006.16,7155.59
500,65536,131072,260,69.9742,0.694137,70.6683,115.697,34.2872,7049.34,7199.32
500,65536,131072,261,70.9511,0.730857,71.682,120.777,35.454,7044.43,7200.66
500,65536,131072,262,76.5323,0.81723,77.3495,117.887,35.0851,7069.32,7222.29
500,65536,131072,263,78.0323,0.705589,78.7379,116.104,34.7874,6949.89,7100.78
500,65536,131072,264,76.347,0.8014,77.1484,118.287,35.0312,7056.83,7210.15
500,65536,131072,265,75.2784,0.776993,76.0554,121.753,35.9536,7101.83,7259.53
500,65536,131072,266,75.4191,0.801179,76.2203,117.525,34.6858,6984.63,7136.84
500,65536,131072,267,75.2173,0.785941,76.0032,116.528,34.5185,6995.31,7146.36
500,65536,131072,268,72.4714,0.710007,73.1815,117.042,34.514,7031.7,7183.25
500,65536,131072,269,71.0432,0.702953,71.7462,119.477,34.9894,7083.96,7238.43
500,65536,131072,270,70.4493,0.693516,71.1428,118.7,34.9849,7047.93,7201.62
500,65536,131072,271,71.5073,0.747317,72.2546,118.073,35.0132,7070.95,7224.03
500,65536,131072,272,71.7119,0.711269,72.4231,118.521,34.7004,7001.44,7154.66
500,65536,131072,273,71.3135,0.707472,72.021,120.563,34.2094,7163.51,7318.29
500,65536,131072,274,71.6678,0.71189,72.3797,118.374,35.0977,7088.21,7241.68
500,65536,131072,275,68.8062,0.683677,69.4899,118.806,35.4162,7116.89,7271.11
500,65536,131072,276,68.9151,0.688666,69.6038,119.851,34.4142,7088.01,7242.28
500,65536,131072,277,68.7558,0.709025,69.4648,117.651,34.8885,7084.13,7236.67
500,65536,131072,278,69.5368,0.698365,70.2352,117.702,34.9925,7087.06,7239.76
500,65536,131072,279,70.2803,0.689187,70.9695,115.411,33.8252,7077,7226.24
500,65536,131072,280,70.1218,0.698325,70.8201,116.636,34.6085,7061.9,7213.14
500,65536,131072,281,70.1985,0.693766,70.8923,116.683,34.213,7147.09,7297.98
500,65536,131072,282,68.9893,0.679989,69.6693,116.053,33.817,6999.64,7149.51
500,65536,131072,283,68.8245,0.667416,69.4919,122.379,36.0342,7130.27,7288.68
500,65536,131072,284,69.0473,0.681562,69.7289,116,34.7555,7123.54,7274.3
500,65536,131072,285,68.8968,0.688305,69.5851,116.409,33.9374,7178.29,7328.64
500,65536,131072,286,68.607,0.700419,69.3074,116.638,34.1382,7042.97,7193.74
500,65536,131072,287,68.7666,0.689478,69.4561,118.914,35.3679,7124.97,7279.25
500,65536,131072,288,68.6811,0.710417,69.3915,117.072,34.528,7119.04,7270.64
500,65536,131072,289,70.7549,0.683747,71.4386,116.485,33.9579,7126.86,7277.3
500,65536,131072,290,68.9743,0.69083,69.6651,116.168,34.6823,7093.48,7244.33
500,65536,131072,291,69.1216,0.686122,69.8077,117.235,34.9804,7062.45,7214.67
500,65536,131072,292,68.9864,0.680721,69.6671,116.613,34.7134,7093.92,7245.24
500,65536,131072,293,68.6827,0.71676,69.3995,116.227,34.3088,7138.19,7288.72
500,65536,131072,294,69.3154,0.699016,70.0144,116.758,34.7606,7125.47,7276.99
500,65536,131072,295,69.0508,0.688226,69.739,117.467,34.8061,7087.37,7239.64
500,65536,131072,296,69.0108,0.692964,69.7037,117.729,35.2581,7081.86,7234.84
500,65536,131072,297,68.3383,0.681332,69.0196,115.642,34.0633,7049.67,7199.38
500,65536,131072,298,68.4247,0.677785,69.1024,114.833,34.0067,7137.04,7285.88
500,65536,131072,299,68.5994,0.698936,69.2984,116.956,34.7359,7095.66,7247.35
500,65536,131072,300,69.7646,0.698896,70.4635,120.575,33.8757,7102.56,7257.01
500,65536,131072,301,69.4523,0.694708,70.147,128.453,36.9987,7183.7,7349.15
500,65536,131072,302,70.0189,0.695319,70.7143,124.288,34.9817,7067.47,7226.74
500,65536,131072,303,73.1276,0.781073,73.9087,117.675,38.5994,7087.09,7243.37
500,65536,131072,304,76.7276,0.73274,77.4604,123.835,36.3285,7053.49,7213.65
500,65536,131072,305,73.1444,0.802163,73.9465,117.891,35.7797,7110.54,7264.21
500,65536,131072,306,73.0647,0.722,73.7867,123.383,34.9399,7067.02,7225.34
500,65536,131072,307,72.6252,0.725627,73.3509,115.769,35.0448,7108.35,7259.16
500,65536,131072,308,72.2515,0.79513,73.0466,121.091,36.9311,7103.62,7261.64
500,65536,131072,309,72.6442,0.720847,73.365,117.255,38.7178,7097.52,7253.49
500,65536,131072,310,73.2387,0.720798,73.9595,127.043,35.1336,7058.18,7220.36
500,65536,131072,311,73.9074,0.741577,74.649,118.646,34.8158,7065.8,7219.26
500,65536,131072,312,74.2136,0.760233,74.9738,128.517,36.5305,7032.28,7197.33
500,65536,131072,313,75.0495,0.757978,75.8075,120.07,35.046,7102.22,7257.33
500,65536,131072,314,69.3636,0.704727,70.0683,128.471,35.8791,7181.92,7346.27
500,65536,131072,315,68.4154,0.686161,69.1016,120.428,36.6847,7045.31,7202.42
500,65536,131072,316,68.364,0.726058,69.0901,117.732,37.1912,7085.28,7240.2
500,65536,131072,317,68.4452,0.728472,69.1736,127.445,39.0178,7109.11,7275.58
500,65536,131072,318,72.3854,0.762157,73.1476,121.692,36.6552,7134.38,7292.73
500,65536,131072,319,68.0468,0.680521,68.7274,123.471,35.8939,7063.27,7222.63
500,65536,131072,320,68.646,0.712732,69.3587,115.732,34.1448,7003.12,7153
500,65536,131072,321,68.8496,0.679559,69.5292,122.019,35.8413,7085.41,7243.27
500,65536,131072,322,69.2485,0.680661,69.9292,116.175,36.3954,7129.63,7282.2
500,65536,131072,323,68.9985,0.672225,69.6707,119.694,34.7974,7133.11,7287.6
500,65536,131072,324,68.638,0.671784,69.3098,116.41,36.1662,7091.3,7243.88
500,65536,131072,325,68.8827,0.69588,69.5786,122.452,37.4079,7142.95,7302.81
500,65536,131072,326,68.9954,0.683447,69.6789,116.26,36.5943,7085.55,7238.4
500,65536,131072,327,69.0814,0.68035,69.7617,118.119,38.3812,7140.98,7297.48
500,65536,131072,328,68.7613,0.66999,69.4313,126.459,36.2447,7031.69,7194.39
500,65536,131072,329,69.2911,0.684989,69.9761,118.174,34.9861,7063.75,7216.91
500,65536,131072,330,69.1562,0.682595,69.8388,118.953,36.1921,7076.94,7232.08
500,65536,131072,331,69.0818,0.698946,69.7808,125.919,37.7752,7121.22,7284.91
500,65536,131072,332,69.0387,0.683186,69.7219,116.58,34.0578,7105.74,7256.38
500,65536,131072,333,70.3027,0.70628,71.009,123.005,35.4162,7164.7,7323.12
500,65536,131072,334,68.6061,0.686754,69.2928,120.339,36.1375,6989.09,7145.57
500,65536,131072,335,68.9251,0.687033,69.6121,127.437,33.9675,7074.62,7236.03
500,65536,131072,336,68.2664,0.712061,68.9785,116.74,34.825,7101.13,7252.69
500,65536,131072,337,67.6403,0.689829,68.3301,121.995,34.5638,7056.8,7213.36
500,65536,131072,338,68.6997,0.700039,69.3997,118.684,36.0938,7127.73,7282.5
500,65536,131072,339,68.3639,0.677155,69.041,125.236,35.1707,7018.84,7179.25
500,65536,131072,340,67.9816,0.708214,68.6898,120.276,33.9048,7056.61,7210.79
500,65536,131072,341,68.1038,0.695741,68.7996,115.746,36.2784,7027.43,7179.46
500,65536,131072,342,67.9851,0.685251,68.6703,123.911,35.317,7132.4,7291.63
500,65536,131072,343,68.6932,0.687885,69.3811,118.589,36.0239,7090.31,7244.92
500,65536,131072,344,68.4211,0.690981,69.1121,123.055,36.3345,7130.46,7289.85
500,65536,131072,345,68.1956,0.699538,68.8952,119.04,34.1141,7356.43,7509.59
500,65536,131072,346,68.154,0.692114,68.8461,121.694,35.076,7109.3,7266.07
500,65536,131072,347,67.9746,0.683747,68.6583,124.858,36.1725,7078.22,7239.25
500,65536,131072,348,72.9003,0.708033,73.6083,117.73,34.3831,7089.61,7241.72
500,65536,131072,349,67.9188,0.683947,68.6028,123.312,35.7563,7114.45,7273.52
500,65536,131072,350,68.5224,0.733441,69.2559,120.534,37.1229,7120.71,7278.37
500,65536,131072,351,68.3858,0.682455,69.0683,119.956,35.5377,7038.19,7193.68
500,65536,131072,352,68.5787,0.681603,69.2603,129.16,37.8246,7021.96,7188.95
500,65536,131072,353,68.5983,0.683456,69.2817,118.477,37.852,7002.36,7158.69
500,65536,131072,354,68.8885,0.688746,69.5773,119.271,36.7117,7080.06,7236.04
500,65536,131072,355,68.1266,0.678317,68.8049,116.28,34.1945,7276.24,7426.72
500,65536,131072,356,68.2484,0.66929,68.9177,122.489,37.1669,7080.37,7240.02
500,65536,131072,357,68.8771,0.685901,69.563,125.522,36.3918,7086.32,7248.23
500,65536,131072,358,69.1553,0.695299,69.8506,116.272,34.0505,7019.61,7169.93
500,65536,131072,359,69.6072,0.675993,70.2832,124.533,35.73,7050.89,7211.15
500,65536,131072,360,68.5228,0.682425,69.2052,117.095,34.4386,7106.69,7258.22
500,65536,131072,361,68.9781,0.681243,69.6594,123.161,35.5967,7074.4,7233.15
500,65536,131072,362,68.748,0.69068,69.4387,126.78,36.5085,7055.27,7218.56
500,65536,131072,363,71.1243,0.70096,71.8252,116.509,35.4395,7109.45,7261.4
500,65536,131072,364,67.6776,0.672797,68.3504,123.254,34.8821,7089.55,7247.68
500,65536,131072,365,68.1102,0.69566,68.8059,119.115,34.6651,7117.84,7271.62
500,65536,131072,366,69.0108,0.689678,69.7005,121.46,34.0441,7091.67,7247.17
500,65536,131072,367,68.7044,0.696271,69.4007,120.396,36.9456,6991.45,7148.79
500,65536,131072,368,68.9605,0.687224,69.6477,118.474,35.3424,7072.58,7226.4
500,65536,131072,369,69.3863,0.689999,70.0763,119.761,36.6763,7165.55,7321.99
500,65536,131072,370,69.0822,0.70098,69.7832,120.106,35.9114,7105.58,7261.6
500,65536,131072,371,69.9025,0.676423,70.5789,119.073,35.7278,7064.35,7219.15
500,65536,131072,372,71.2821,0.692774,71.9748,122.472,36.9178,7010.08,7169.47
500,65536,131072,373,72.2233,0.684098,72.9074,120.121,36.6086,7061.63,7218.35
500,65536,131072,374,72.4951,0.705398,73.2005,122.47,36.8418,7092.52,7251.84
500,65536,131072,375,71.3385,0.694487,72.033,118.682,36.8283,7061.01,7216.52
500,65536,131072,376,72.4509,0.682876,73.1337,122.036,36.4971,7074.08,7232.62
500,65536,131072,377,72.907,0.726388,73.6334,123.029,35.3826,7036.99,7195.4
500,65536,131072,378,72.0517,0.70101,72.7527,118.44,37.1556,7126.02,7281.61
500,65536,131072,379,72.1947,0.675091,72.8698,123.232,35.6963,7088.08,7247.01
500,65536,131072,380,72.686,0.695991,73.382,120.08,35.5517,7199.8,7355.43
500,65536,131072,381,71.8436,0.688847,72.5325,128.681,38.6543,7102.17,7269.51
500,65536,131072,382,72.462,0.683026,73.145,121.173,37.0201,7059.61,7217.8
500,65536,131072,383,71.2267,0.689368,71.9161,122.262,35.9878,7100.14,7258.39
500,65536,131072,384,73.8082,0.674169,74.4823,119.694,35.6237,7078.7,7234.01
500,65536,131072,385,69.7913,0.684829,70.4761,121.698,35.6223,7073.69,7231.01
500,65536,131072,386,70.1067,0.694918,70.8016,123.501,35.3701,7032.68,7191.55
500,65536,131072,387,69.5623,0.70103,70.2633,119.684,36.5292,7139.28,7295.5
500,65536,131072,388,70.8418,0.697243,71.539,121.155,36.6171,7104.94,7262.71
500,65536,131072,389,70.6427,0.689949,71.3327,124.223,39.2384,7076.29,7239.75
500,65536,131072,390,70.0803,0.70135,70.7816,117.563,37.5094,7070.86,7225.93
500,65536,131072,391,70.4039,0.676684,71.0806,124.734,38.1024,6992.84,7155.67
500,65536,131072,392,72.5048,0.721348,73.2261,124.849,37.727,7000.93,7163.5
500,65536,131072,393,69.8532,0.689949,70.5432,123.694,38.17,7041.85,7203.71
500,65536,131072,394,69.8312,0.716099,70.5473,126.501,38.0179,7029.11,7193.63
500,65536,131072,395,69.0997,0.75353,69.8532,126.599,36.6463,7013.16,7176.41
500,65536,131072,396,69.6655,0.703925,70.3694,118.485,36.524,7152.35,7307.36
500,65536,131072,397,69.4788,0.705969,70.1848,119.433,35.472,7071.91,7226.81
500,65536,131072,398,68.9614,0.686232,69.6476,118.02,34.7691,7063,7215.79
500,65536,131072,399,69.9724,0.678628,70.651,118.093,34.8167,7051.54,7204.45
500,65536,131072,400,70.3317,0.681423,71.0131,122.442,36.6646,7036.09,7195.2
500,65536,131072,401,69.6717,0.689759,70.3614,121.817,38.1042,7097.04,7256.96
500,65536,131072,402,70.5352,0.690725,71.226,117.315,36.4341,7049.71,7203.46
500,65536,131072,403,69.9385,0.691817,70.6304,119.855,37.879,7041.52,7199.25
500,65536,131072,404,70.076,0.690486,70.7665,120.565,38.8729,7062.53,7221.97
500,65536,131072,405,69.8697,0.717697,70.5874,121.339,36.4438,7026,7183.78
500,65536,131072,406,70.8859,0.701417,71.5873,121.297,37.7658,7076.9,7235.96
500,65536,131072,407,73.9348,0.717146,74.6519,117.941,37.6315,7050.59,7206.17
500,65536,131072,408,72.7582,0.703901,73.4621,124.003,36.8848,7027.48,7188.37
500,65536,131072,409,72.5474,0.704692,73.2521,118.82,36.2552,7062.59,7217.67
500,65536,131072,410,73.2036,0.70887,73.9125,118.171,37.0997,7002.39,7157.66
500,65536,131072,411,73.2651,0.697529,73.9626,116.369,35.0455,7011.11,7162.52
500,65536,131072,412,72.6988,0.71381,73.4126,117.619,36.2716,7083.15,7237.04
500,65536,131072,413,72.8743,0.705293,73.5796,117.064,34.4144,7070.3,7221.78
500,65536,131072,414,72.4549,0.714901,73.1698,119.174,35.1477,7055.5,7209.83
500,65536,131072,415,72.4348,0.716445,73.1512,117.357,35.1822,7030.2,7182.74
500,65536,131072,416,72.4459,0.722186,73.1681,117.86,34.6538,7074.49,7227
500,65536,131072,417,72.7647,0.709682,73.4744,117.952,34.5329,7077.73,7230.21
500,65536,131072,418,72.1471,0.712798,72.8599,121.198,36.2264,7072.43,7229.85
500,65536,131072,419,72.352,0.707428,73.0594,117.334,34.5628,7061.06,7212.96
500,65536,131072,420,72.4472,0.703099,73.1503,120.531,35.6288,7044.55,7200.71
500,65536,131072,421,74.1204,0.789273,74.9097,119.615,35.6976,7113.56,7268.87
500,65536,131072,422,71.7859,0.717256,72.5032,119.094,36.1669,7093.4,7248.66
500,65536,131072,423,72.3228,0.716164,73.039,118.354,35.5348,7034.08,7187.97
500,65536,131072,424,72.016,0.713118,72.7292,117.071,35.3096,6992.05,7144.43
500,65536,131072,425,72.4829,0.715362,73.1982,117.29,34.6502,7037.66,7189.6
500,65536,131072,426,72.3683,0.699893,73.0681,117.681,34.9094,7103.65,7256.24
500,65536,131072,427,72.299,0.7035,73.0025,119.515,35.6702,7011.77,7166.96
500,65536,131072,428,72.6676,0.714962,73.3825,119.127,35.4229,7032.16,7186.71
500,65536,131072,429,72.9117,0.715182,73.6268,118.006,35.25,7058.66,7211.92
500,65536,131072,430,72.5443,0.722837,73.2672,119.351,35.6756,7118.88,7273.91
500,65536,131072,431,72.3218,0.699242,73.021,124.442,34.5105,7079.01,7237.96
500,65536,131072,432,72.5214,0.728408,73.2498,118.544,34.9796,7013.27,7166.8
500,65536,131072,433,71.9695,0.695655,72.6651,125.925,34.6469,7021.12,7181.7
500,65536,131072,434,72.1392,0.734159,72.8734,122.392,36.807,7021.13,7180.33
500,65536,131072,435,72.8137,0.71923,73.5329,123.027,36.3017,6984.96,7144.29
500,65536,131072,436,71.0221,0.718178,71.7403,119.813,38.9714,7046.35,7205.13
500,65536,131072,437,70.0147,0.684534,70.6992,122.154,39.0148,7060.23,7221.4
500,65536,131072,438,70.1711,0.699241,70.8704,127.964,42.5098,7079.5,7249.98
500,65536,131072,439,70.2673,0.720192,70.9875,121.965,41.4584,7078.06,7241.48
500,65536,131072,440,69.9113,0.706706,70.618,131.825,38.0277,7054.63,7224.48
500,65536,131072,441,70.1281,0.717175,70.8453,120.601,40.7211,7014.48,7175.8
500,65536,131072,442,70.5715,0.720402,71.2919,125.876,39.9991,7033.09,7198.96
500,65536,131072,443,69.2892,0.689984,69.9791,128.338,41.1985,7037.74,7207.28
500,65536,131072,444,70.0517,0.702057,70.7537,124,37.8829,7036.57,7198.45
500,65536,131072,445,71.1325,0.719921,71.8525,127.231,39.2333,7024.12,7190.59
500,65536,131072,446,73.8732,0.699802,74.573,122.239,39.8079,7057.36,7219.41
500,65536,131072,447,70.1652,0.691216,70.8564,133.057,37.9794,7034.51,7205.54
500,65536,131072,448,69.6307,0.671499,70.3022,125.35,38.5727,7049.88,7213.8
500,65536,131072,449,72.0462,0.70895,72.7552,124.746,39.1855,7047.69,7211.62
500,65536,131072,450,72.8894,0.723398,73.6128,130.51,35.7599,7009.59,7175.86
500,65536,131072,451,71.8445,0.704202,72.5487,119.594,40.1527,7015.88,7175.63
500,65536,131072,452,72.3139,0.706084,73.02,128.158,38.3864,7002.42,7168.97
500,65536,131072,453,72.5633,0.713359,73.2766,124.984,40.2747,6987.67,7152.93
500,65536,131072,454,72.2029,0.701856,72.9048,125.4,38.2867,7039.76,7203.44
500,65536,131072,455,72.1504,0.722386,72.8728,127.049,39.1043,6991.56,7157.72
500,65536,131072,456,72.14,0.697398,72.8374,123.427,38.2703,6990.9,7152.6
500,65536,131072,457,69.4591,0.674695,70.1338,121.482,38.0193,6968.98,7128.48
500,65536,131072,458,70.2573,0.6851,70.9424,128.209,38.7129,7066.7,7233.62
500,65536,131072,459,70.3216,0.690239,71.0118,119.85,38.3822,7024.29,7182.52
500,65536,131072,460,69.964,0.69549,70.6595,127.675,39.1136,7058.53,7225.31
500,65536,131072,461,69.3081,0.697434,70.0056,127.058,38.6843,7061.24,7226.99
500,65536,131072,462,69.8455,0.761355,70.6069,121.172,39.9765,6950.74,7111.89
500,65536,131072,463,69.0587,0.691031,69.7498,126.715,37.4082,6960.39,7124.51
500,65536,131072,464,71.9194,0.698715,72.6181,130.824,39.6143,6986.45,7156.89
500,65536,131072,465,70.2206,0.736277,70.9569,128.426,37.7471,7016.64,7182.81
500,65536,131072,466,69.4085,0.689488,70.098,133.821,39.515,6996.05,7169.38
500,65536,131072,467,69.1022,0.698445,69.8006,120.841,44.1486,6939.86,7104.85
500,65536,131072,468,69.1433,0.6957,69.839,121.782,36.8516,7032.18,7190.81
500,65536,131072,469,69.3029,0.715367,70.0183,118.994,40.784,7067.57,7227.35
500,65536,131072,470,69.2998,0.694087,69.9939,120.059,35.8563,7072.95,7228.87
500,65536,131072,471,69.1692,0.697513,69.8667,120.46,39.7034,6999.9,7160.06
500,65536,131072,472,68.9906,0.746126,69.7368,127.179,39.6213,6974.96,7141.76
500,65536,131072,473,69.9451,0.715437,70.6606,128.728,36.0656,7018.58,7183.37
500,65536,131072,474,69.8335,0.755723,70.5893,125.898,39.9059,7023.8,7189.6
500,65536,131072,475,69.8327,0.70065,70.5333,127.084,38.1938,7017.05,7182.33
500,65536,131072,476,69.3173,0.703906,70.0212,122.066,38.586,6948.37,7109.03
500,65536,131072,477,70.0409,0.698706,70.7396,127.868,38.5821,6977.15,7143.6
500,65536,131072,478,71.5853,0.736247,72.3216,126.873,38.9757,7013.53,7179.38
500,65536,131072,479,71.3887,0.698506,72.0872,125.96,39.4912,7211.19,7376.64
500,65536,131072,480,68.9457,0.694748,69.6404,141.542,43.344,6998.93,7183.82
500,65536,131072,481,69.8118,0.720176,70.532,130.844,44.646,6959.9,7135.39
500,65536,131072,482,70.8493,0.688977,71.5382,129.041,39.7676,7010.92,7179.73
500,65536,131072,483,71.2373,0.7009,71.9382,127.413,38.9267,7030.34,7196.68
500,65536,131072,484,70.8326,0.691492,71.5241,125.451,42.0095,7044.88,7212.35
500,65536,131072,485,71.0791,0.694848,71.774,128.69,38.1266,7045.13,7211.94
500,65536,131072,486,69.0903,0.67947,69.7697,121.714,39.3676,7048.48,7209.57
500,65536,131072,487,69.1937,0.714336,69.908,126.098,38.2948,7091.15,7255.55
500,65536,131072,488,68.6417,0.703896,69.3456,127.898,38.5817,7008.9,7175.38
500,65536,131072,489,70.9035,0.694949,71.5985,129.341,37.8329,7037.54,7204.71
500,65536,131072,490,70.16,0.691843,70.8519,123.941,40.0059,6981.87,7145.82
500,65536,131072,491,69.3729,0.679379,70.0522,120.547,38.2083,7029.63,7188.39
500,65536,131072,492,70.2644,0.703314,70.9678,130.993,36.9599,6972.37,7140.32
500,65536,131072,493,70.7319,0.706,71.4379,140.979,40.5222,7094.44,7275.94
500,65536,131072,494,69.1715,0.676433,69.848,134.668,41.0128,6941.9,7117.58
500,65536,131072,495,69.5733,0.672506,70.2458,121.065,39.4488,7031.46,7191.98
500,65536,131072,496,70.3215,0.674028,70.9955,121.878,38.3188,7014.68,7174.88
500,65536,131072,497,69.4986,0.691322,70.19,121.383,36.5014,7082.99,7240.87
500,65536,131072,498,69.4154,0.668067,70.0834,121.796,37.9082,7027.24,7186.95
500,65536,131072,499,69.2365,0.745454,69.9819,125.215,36.6074,7006.25,7168.07
